{
    "fpdaf_no_cusum": {
        "accuracy": 0.7959395692952987,
        "precision": 0.07741876093160269,
        "recall": 0.6335216572504708,
        "f1_score": 0.1379762930150527,
        "auroc": 0.7827005997690428,
        "confusion_matrix": {
            "tn": 80295,
            "fp": 20044,
            "fn": 973,
            "tp": 1682
        }
    },
    "fpdaf_no_attention": {
        "accuracy": 0.8600986465230984,
        "precision": 0.0963044374227229,
        "recall": 0.528060263653484,
        "f1_score": 0.1629001336199384,
        "auroc": 0.7877666086730579,
        "confusion_matrix": {
            "tn": 87183,
            "fp": 13156,
            "fn": 1253,
            "tp": 1402
        }
    },
    "fpdaf_no_personalization": {
        "accuracy": 0.7988911975454881,
        "precision": 0.080514774205538,
        "recall": 0.6527306967984934,
        "f1_score": 0.14334753298316721,
        "auroc": 0.78869901091796,
        "confusion_matrix": {
            "tn": 80548,
            "fp": 19791,
            "fn": 922,
            "tp": 1733
        }
    }
}